Source File	Size	loadResources	load	generateSnapshots	load-configure	scan	loadDepInfo	loadInfo	checkR4R4B	generateNarratives	validate	loadLists	checkConformanceResources	checkConformanceResources2	checkConformanceResources3	generateLogicalMaps	validateExpressions	scanForUsageStats	checkURLsUnique	processProvenanceDetails	translate	generate1	generate2	generateLogicals	makeDependencies	generateExampleZip	generateValidationPack	scanProfilesForR5	scanExamplesForR5
/fsh-generated/resources/ImplementationGuide-ans.fhir.fr.mesmesures.json	5878	-	0	0	0	0	0	0	18	116	0	0	0	0	0	0	0	1	0	0	36	162	206	0	0	0	4	0	2
fsh-generated/resources/StructureDefinition-MESObservationBmi.json	732	42	0	196	1	0	0	0	0	154	0	0	1	0	0	0	0	3	0	0	2	427	2257	0	0	0	17	1	4
fsh-generated/resources/StructureDefinition-MESObservationBodyHeight.json	767	42	0	204	0	0	0	0	0	66	0	0	1	0	0	0	0	1	0	0	0	355	1485	0	0	0	11	0	1
fsh-generated/resources/StructureDefinition-MESObservationBodyTemperature.json	793	45	0	227	0	0	0	0	0	106	0	0	0	0	0	0	0	1	0	0	1	449	924	0	0	0	13	0	1
fsh-generated/resources/StructureDefinition-MESObservationBodyWeight.json	768	58	0	271	0	0	0	0	0	99	0	0	1	0	0	0	0	1	0	0	0	409	750	0	0	0	10	1	1
fsh-generated/resources/StructureDefinition-MESObservationBp.json	727	48	0	239	0	0	0	0	0	84	0	0	1	0	0	0	0	2	0	0	1	479	1439	0	0	0	18	0	2
fsh-generated/resources/StructureDefinition-MESObservationGlucose.json	749	57	0	210	0	0	0	0	0	84	0	0	1	0	0	0	0	2	0	0	0	380	829	0	0	0	13	0	1
fsh-generated/resources/StructureDefinition-MESObservationHeadCircumference.json	800	57	0	155	0	0	0	0	0	59	0	0	1	0	0	0	0	0	0	0	1	295	649	0	0	0	10	0	1
fsh-generated/resources/StructureDefinition-MESObservationHeartrate.json	762	45	0	115	0	0	0	0	0	79	0	0	1	0	0	0	0	2	0	0	0	351	1262	0	0	0	12	1	1
fsh-generated/resources/StructureDefinition-MESObservationPainSeverity.json	775	57	0	144	1	0	0	0	0	63	0	0	1	0	0	0	0	1	0	0	1	313	453	0	0	0	12	0	1
fsh-generated/resources/StructureDefinition-MESObservationStepsByDay.json	766	58	0	176	0	0	0	0	0	64	0	0	1	0	0	0	0	1	0	0	0	326	477	0	0	0	10	0	1
fsh-generated/resources/StructureDefinition-MESObservationWaistCircumference.json	805	57	0	160	0	0	0	0	0	74	0	0	0	0	0	0	0	1	0	0	1	289	423	0	0	0	9	0	0
/fsh-generated/includes/menu.xml	1981	-	-	-	0	0	0	0	0	0	0	0	0	0	0	0	0	0	0	0	0	0	1	0	0	0	0	0	0
/fsh-generated/includes/fsh-link-references.md	863	-	-	-	0	0	0	0	0	0	0	0	0	0	0	0	0	0	0	0	0	0	0	0	0	0	0	0	0
/input/data/features.yml	164	-	-	-	0	0	0	0	0	0	0	0	0	0	0	0	0	0	0	0	0	0	0	0	0	0	0	0	0
/input/pagecontent/autres_ressources.md	155	-	-	-	0	0	0	0	0	0	0	0	0	0	0	0	0	0	0	0	0	0	0	0	0	0	0	0	0
/input/pagecontent/index.md	4418	-	-	-	0	0	0	0	0	0	0	0	0	0	0	0	0	0	0	0	0	0	0	0	0	0	0	0	0
/input/pagecontent/specifications-techniques.md	36852	-	-	-	0	0	0	0	0	0	0	0	0	0	0	0	0	0	0	0	0	0	2	0	0	0	0	0	0
/input/pagecontent/change-log.md	981	-	-	-	0	0	0	0	0	0	0	0	0	0	0	0	0	0	0	0	0	0	0	0	0	0	0	0	0
/input/pagecontent/downloads.md	1727	-	-	-	0	0	0	0	0	0	0	0	0	0	0	0	0	0	0	0	0	0	0	0	0	0	0	0	0
/input/pagecontent/securite.md	900	-	-	-	0	0	0	0	0	0	0	0	0	0	0	0	0	0	0	0	0	0	0	0	0	0	0	0	0
/template/config	0	-	-	-	0	0	0	0	0	0	0	0	0	0	0	0	0	0	0	0	0	0	0	0	0	0	0	0	0
/template/config/_config.yml	140	-	-	-	0	0	0	0	0	0	0	0	0	0	0	0	0	0	0	0	0	0	0	0	0	0	0	0	0
/input/images	0	-	-	-	0	0	0	0	0	0	0	0	0	0	0	0	0	0	0	0	0	0	0	0	0	0	0	0	0
/input/images/ci-sis-logo.png	61365	-	-	-	0	0	0	0	0	0	0	0	0	0	0	0	0	0	0	0	0	0	1	0	0	0	0	0	0
/input/images/anImage.png	36288	-	-	-	0	0	0	0	0	0	0	0	0	0	0	0	0	0	0	0	0	0	0	0	0	0	0	0	0
/temp/pages/_includes/artifacts.xml	3931	-	-	-	-	-	-	-	-	-	-	-	-	-	-	-	-	-	-	-	-	-	0	0	0	0	0	0	0
